<?xml version="1.0" encoding="UTF-8"?>
<project-private xmlns="http://www.netbeans.org/ns/project-private/1">
    <editor-bookmarks xmlns="http://www.netbeans.org/ns/editor-bookmarks/2" lastBookmarkId="0"/>
    <open-files xmlns="http://www.netbeans.org/ns/projectui-open-files/2">
        <group>
            <file>file:/C:/Users/Aluno/Documents/NetBeansProjects/Projeto-Poke-main/Projeto/src/Views/PokeGUI.java</file>
            <file>file:/C:/Users/Aluno/Documents/NetBeansProjects/Projeto-Poke-main/Projeto/src/Views/CombateGUI.java</file>
            <file>file:/C:/Users/Aluno/Documents/NetBeansProjects/Projeto-Poke-main/Projeto/src/Models/Poke/GaloCururu.java</file>
            <file>file:/C:/Users/Aluno/Documents/NetBeansProjects/Projeto-Poke-main/Projeto/src/Models/PokeDAO.java</file>
            <file>file:/C:/Users/Aluno/Documents/NetBeansProjects/Projeto-Poke-main/Projeto/src/Models/Poke/Poke.java</file>
            <file>file:/C:/Users/Aluno/Documents/NetBeansProjects/Projeto-Poke-main/Projeto/src/Models/DAO.java</file>
            <file>file:/C:/Users/Aluno/Documents/NetBeansProjects/Projeto-Poke-main/Projeto/src/Views/ControllerMenu.java</file>
            <file>file:/C:/Users/Aluno/Documents/NetBeansProjects/Projeto-Poke-main/Projeto/src/Models/Poke/Papaco.java</file>
        </group>
    </open-files>
</project-private>
